Name,Avg Points,Avg Yards,NPY/A,NRY/A,3rd%_x,4th%_x,Avg Points Let,Avg Yards Let,NPY/A Let,NRY/A Let,3rd%_y,4th%_y
Green Bay Packers,30.375,386.125,7.5,4.4,47.2%,40.0%,21.75,346.375,6.0,4.3,40.3%,53.6%
Denver Broncos,30.125,402.875,7.5,4.0,44.1%,46.2%,22.125,305.1875,5.3,3.7,36.5%,58.8%
Philadelphia Eagles,29.625,396.75,6.7,4.2,43.5%,63.6%,25.0,375.5625,6.6,3.7,37.9%,25.0%
New England Patriots,29.25,365.5,6.5,3.9,44.3%,53.8%,19.5625,344.125,6.2,4.0,40.2%,34.8%
Dallas Cowboys,29.1875,383.625,7.5,4.6,47.3%,50.0%,22.0,355.0625,6.9,4.2,43.6%,50.0%
Indianapolis Colts,28.625,406.625,7.1,3.9,41.0%,40.0%,23.0625,342.6875,6.3,4.3,33.3%,23.5%
Pittsburgh Steelers,27.25,411.0625,7.5,4.1,44.7%,50.0%,23.0,353.375,7.0,4.4,37.6%,71.4%
Baltimore Ravens,25.5625,364.875,6.7,4.5,41.0%,50.0%,18.875,336.9375,6.2,3.6,40.3%,35.7%
New Orleans Saints,25.0625,411.375,6.9,4.5,48.3%,53.3%,26.5,384.0,6.9,4.8,46.0%,50.0%
Seattle Seahawks,24.625,375.75,6.6,5.3,42.5%,27.3%,15.875,267.125,5.5,3.4,37.1%,57.1%
Miami Dolphins,24.25,350.0625,5.8,4.7,40.0%,36.8%,23.3125,343.375,6.2,4.3,43.9%,59.1%
Atlanta Falcons,23.8125,378.1875,6.9,4.0,44.3%,50.0%,26.0625,398.25,7.6,4.2,46.8%,50.0%
New York Giants,23.75,367.1875,6.7,3.6,43.0%,31.3%,25.0,375.75,6.8,4.9,36.0%,40.0%
Houston Texans,23.25,344.5625,6.6,3.9,38.7%,58.8%,19.1875,348.1875,5.9,4.0,33.9%,35.3%
Cincinnati Bengals,22.8125,348.0,6.5,4.4,39.8%,53.8%,21.5,359.3125,6.2,4.2,36.7%,52.6%
Kansas City Chiefs,22.0625,318.75,5.9,4.6,39.8%,41.7%,17.5625,330.5,5.5,4.7,36.6%,38.1%
San Diego Chargers,21.75,341.5625,6.7,3.4,45.1%,45.5%,21.75,338.3125,6.2,4.5,43.0%,20.0%
Buffalo Bills,21.4375,318.5,5.8,3.7,36.7%,42.9%,18.0625,312.1875,5.4,4.1,33.2%,45.5%
Carolina Panthers,21.1875,346.6875,6.0,4.3,41.9%,60.0%,23.375,339.8125,6.1,4.5,42.4%,45.5%
Minnesota Vikings,20.3125,315.5,5.7,4.4,38.9%,50.0%,21.4375,344.6875,6.2,4.3,41.5%,64.3%
St. Louis Rams,20.25,314.6875,6.0,4.1,35.4%,40.0%,22.125,351.625,6.7,4.2,38.5%,0.0%
Detroit Lions,20.0625,340.75,6.2,3.6,38.6%,50.0%,17.625,300.9375,5.8,3.2,37.2%,40.0%
Chicago Bears,19.9375,327.0625,5.8,4.1,37.7%,46.4%,27.625,377.0625,7.2,4.3,42.3%,63.2%
Arizona Cardinals,19.375,319.75,6.4,3.3,40.2%,75.0%,18.6875,368.1875,6.8,4.4,37.7%,38.5%
San Francisco 49ers,19.125,327.4375,5.7,4.6,40.4%,55.6%,21.25,321.4375,6.0,4.0,43.3%,50.0%
Washington Redskins,18.8125,358.625,6.7,4.2,31.5%,25.0%,27.375,357.0,7.2,4.1,43.0%,55.6%
Cleveland Browns,18.6875,324.5625,6.5,3.6,29.5%,35.7%,21.0625,366.0625,5.8,4.5,37.7%,61.1%
New York Jets,17.6875,326.625,5.4,4.5,38.9%,56.3%,25.0625,327.1875,6.4,3.8,45.2%,0.0%
Tampa Bay Buccaneers,17.3125,292.0,5.7,3.9,37.4%,33.3%,25.625,368.9375,6.8,3.9,43.7%,55.6%
Tennessee Titans,15.875,303.6875,6.1,4.1,30.1%,35.3%,27.375,373.0,6.5,4.3,41.4%,45.5%
Oakland Raiders,15.8125,282.1875,5.0,3.7,33.9%,60.0%,28.25,357.5625,6.8,4.0,38.5%,44.4%
Jacksonville Jaguars,15.5625,289.625,4.8,4.5,31.9%,36.8%,25.75,370.75,6.7,4.1,42.8%,40.0%
